time_worker_0,idle_time_0,heavy_0,time_worker_1,idle_time_1,heavy_1,time_worker_2,idle_time_2,heavy_2,time_worker_3,idle_time_3,heavy_3,total_chunk_time,total_idle,total_heavy
0.0138581,0.0013464997,101,0.0143372,0.0008674003,123,0.0129318,0.0022727996,101,0.012629,0.0025756005,99,0.0152046,0.0070623,424
0.0122382,0.0014885003,86,0.0117274,0.0019993,84,0.0128387,0.00088800024,104,0.0122594,0.0014672996,99,0.0137267,0.0058431,373
0.0129065,0.0013379995,92,0.0122178,0.0020266995,82,0.0127027,0.0015417999,89,0.0134137,0.00083079934,109,0.0142445,0.005737298,372
0.0142853,0.0020889994,112,0.0129103,0.0034639994,88,0.0144344,0.0019398993,94,0.0138908,0.0024834992,111,0.0163743,0.009976397,405
0.0137506,0.0013324004,110,0.0130003,0.0020827,91,0.0126108,0.0024722004,79,0.0141244,0.0009586001,123,0.015083,0.006845901,403
0.0139657,0.0026319996,107,0.0129989,0.003598799,84,0.0134323,0.0031653997,101,0.0135118,0.0030858992,100,0.0165977,0.012482097,392
0.0129604,0.0020144992,108,0.0135602,0.0014146995,110,0.0133021,0.0016727997,115,0.0123831,0.0025918,87,0.0149749,0.0076937983,420
0.0124125,0.0033720005,91,0.0125215,0.0032630004,105,0.0124881,0.0032964004,94,0.0128659,0.0029186,115,0.0157845,0.012850001,405
0.0139193,0.0024447003,127,0.0134761,0.002887901,103,0.0130978,0.0032662004,101,0.0127307,0.0036333008,99,0.016364,0.012232102,430
0.0135656,0.0033381004,94,0.0136204,0.0032833004,104,0.014228,0.0026757,95,0.014236,0.0026677,109,0.0169037,0.011964801,402
0.0134079,0.0014279,98,0.0130942,0.0017416002,106,0.0125849,0.0022509005,91,0.0142766,0.0005591996,116,0.0148358,0.0059796004,411
0.0128304,0.0026567997,100,0.0130614,0.0024258,106,0.0127682,0.002719,106,0.0130817,0.0024055,93,0.0154872,0.0102071,405
0.0130665,0.0017939992,114,0.0132399,0.0016206,112,0.0131126,0.0017478997,108,0.0121084,0.0027520992,94,0.0148605,0.007914598,428
0.0120471,0.0021324,96,0.0123602,0.0018192995,96,0.0125979,0.0015815999,102,0.0126092,0.0015703002,104,0.0141795,0.0071035996,398
0.0128549,0.0028492995,105,0.0129755,0.0027286997,109,0.0128039,0.0029002996,104,0.0126846,0.0030195992,101,0.0157042,0.011497898,419
0.0125829,0.0022424003,86,0.0123366,0.0024887007,102,0.0134404,0.0013849,116,0.0127944,0.0020309007,108,0.0148253,0.008146902,412
0.013429,0.0012750002,118,0.012483,0.0022210004,92,0.0136469,0.0010571005,114,0.0127907,0.0019132998,104,0.014704,0.006466401,428
0.0134705,0.0014257999,103,0.0126931,0.0022032,81,0.012834,0.0020622993,93,0.0134451,0.0014511999,102,0.0148963,0.007142499,379
0.0127632,0.0020260997,111,0.0127373,0.0020519998,102,0.0124978,0.0022914996,98,0.0126515,0.0021377997,105,0.0147893,0.008507399,416
0.0121358,0.0021539005,94,0.0123224,0.0019673007,95,0.0127862,0.0015035002,102,0.0128338,0.0014559003,103,0.0142897,0.0070806015,394
0.0132866,0.0010486003,108,0.013201,0.0011342,103,0.0122166,0.0021186005,85,0.0124977,0.0018375004,101,0.0143352,0.006138901,397
0.0125961,0.0015280005,95,0.0125829,0.0015412001,95,0.0122197,0.0019044001,95,0.012217,0.0019071,92,0.0141241,0.0068807006,377
0.0141832,0.0018180003,102,0.0136555,0.0023457007,99,0.0134955,0.0025057,114,0.0137758,0.0022254,92,0.0160012,0.008894801,407
0.0140841,0.0015187999,115,0.0133116,0.0022912994,99,0.0142945,0.0013083993,130,0.0135526,0.0020503001,107,0.0156029,0.0071687987,451
0.013589,0.0011043996,103,0.0132414,0.0014519999,101,0.0126098,0.0020835996,88,0.0129477,0.0017456999,96,0.0146934,0.006385699,388
0.0128079,0.0019886,104,0.0124512,0.0023453003,100,0.0127883,0.0020081997,108,0.0121572,0.0026393002,91,0.0147965,0.0089814,403
0.0132184,0.0019661002,104,0.0129776,0.0022069002,100,0.0130249,0.0021596001,109,0.0132947,0.0018898007,103,0.0151845,0.008222401,416
0.013107,0.0021054,87,0.0133442,0.0018681996,108,0.0126581,0.0025543002,92,0.0136608,0.0015516002,97,0.0152124,0.0080795,384
0.0130045,0.0022244994,93,0.0136713,0.0015576994,112,0.0126154,0.0026135994,99,0.0126329,0.0025960999,93,0.015229,0.008991898,397
0.0140046,0.0028340993,104,0.0142241,0.0026145997,110,0.0133006,0.0035380991,105,0.0144385,0.0024001999,113,0.0168387,0.011386998,432
0.0135352,0.0023154002,109,0.0134126,0.0024379995,110,0.0125951,0.0032554995,86,0.0132687,0.0025819,105,0.0158506,0.010590799,410
0.0128346,0.0023492994,113,0.0122989,0.0028849998,102,0.0134095,0.0017743995,110,0.012235,0.0029488998,98,0.0151839,0.0099575985,423
0.0140734,0.0004080003,102,0.0124338,0.0020476002,82,0.0132992,0.0011822004,88,0.0129448,0.0015366003,84,0.0144814,0.005174401,356
0.0132377,0.0010147002,114,0.0125425,0.0017098999,98,0.0123714,0.0018809997,93,0.0129718,0.0012806002,102,0.0142524,0.0058862,407
0.0124321,0.0019808998,95,0.0128694,0.0015436001,108,0.0114108,0.0030022003,84,0.0123953,0.0020177,106,0.014413,0.0085444,393
0.0131807,0.0019667996,106,0.0131055,0.0020420002,96,0.0125695,0.0025779996,90,0.0130484,0.0020990996,103,0.0151475,0.008685899,395
0.0127699,0.0016554995,108,0.0133714,0.0010540001,103,0.0123004,0.0021249996,97,0.0130815,0.0013438994,104,0.0144254,0.0061783986,412
0.0118798,0.0018213,96,0.0120351,0.0016660001,88,0.0117943,0.0019068001,81,0.0116444,0.0020567002,91,0.0137011,0.0074508004,356
0.013399,0.0017996999,97,0.0138079,0.0013907999,107,0.0129659,0.0022328002,86,0.0130659,0.0021328004,81,0.0151987,0.0075561004,371
0.0129925,0.0015752995,102,0.0133607,0.0012071002,117,0.0119822,0.0025856001,94,0.0124113,0.0021564998,104,0.0145678,0.0075244997,417
0.0115981,0.0026088003,87,0.0130327,0.0011742003,118,0.0120279,0.0021790005,103,0.0123703,0.0018366007,101,0.0142069,0.007798602,409
0.0122609,0.0025150003,87,0.012998,0.0017779004,113,0.0129779,0.0017980002,105,0.0130731,0.0017028004,103,0.0147759,0.0077937013,408
0.0120042,0.0038930997,86,0.0127212,0.0031761006,99,0.0130617,0.0028355997,108,0.0121205,0.0037768,95,0.0158973,0.0136816,388
0.0133668,0.0007386999,116,0.0119331,0.0021723993,91,0.0124103,0.0016951999,86,0.012574,0.0015314994,108,0.0141055,0.0061377985,401
0.012254,0.0038501006,82,0.0124613,0.0036428003,95,0.012342,0.0037621,99,0.0125748,0.0035293,101,0.0161041,0.014784301,377
0.0138843,0.0014412999,118,0.0119998,0.0033258004,94,0.0117697,0.0035559004,86,0.0129472,0.0023784004,92,0.0153256,0.010701401,390
0.0124262,0.0026857993,99,0.0125806,0.0025314,90,0.0127983,0.0023136996,112,0.0129361,0.0021758992,94,0.015112,0.009706798,395
0.0125004,0.0023959,95,0.012275,0.0026212996,96,0.0134133,0.0014829999,112,0.0135744,0.0013218997,100,0.0148963,0.007822099,403
0.0124821,0.0027176002,96,0.0134409,0.0017588008,95,0.012743,0.0024567004,100,0.0124872,0.0027125003,85,0.0151997,0.009645602,376
0.012846,0.0028988002,104,0.0125828,0.0031619994,98,0.0128527,0.0028920993,111,0.0130794,0.0026653996,107,0.0157448,0.0116182985,420
0.0117765,0.003918099,89,0.0124477,0.0032468997,100,0.0123061,0.0033884998,99,0.0122279,0.0034666993,94,0.0156946,0.014020198,382
0.0128757,0.0020704996,111,0.0124663,0.0024798997,100,0.0125437,0.0024025002,101,0.0127432,0.0022029998,97,0.0149462,0.009155899,409
0.0124989,0.0036603995,93,0.0126514,0.0035079,94,0.0127031,0.0034561995,90,0.0132374,0.0029218998,98,0.0161593,0.013546399,375
0.0123107,0.0037001995,93,0.0129366,0.0030742995,110,0.0129562,0.003054699,111,0.0128492,0.0031616995,102,0.0160109,0.0129908975,416
0.0123211,0.0025816,90,0.0123614,0.0025413,90,0.0124182,0.0024844995,109,0.0120726,0.0028300993,97,0.0149027,0.010437499,386
0.012549,0.0023509003,114,0.0123099,0.0025900006,100,0.0127255,0.0021743998,110,0.0115604,0.0033395002,91,0.0148999,0.010454801,415
0.0126928,0.0040783007,84,0.0132588,0.0035123006,110,0.0129518,0.0038193008,105,0.0131209,0.0036502006,102,0.0167711,0.015060103,401
0.0129939,0.0051080007,106,0.0127573,0.0053446004,99,0.0127727,0.005329201,95,0.0124881,0.005613801,93,0.0181019,0.021395601,393
0.0135557,0.0026437994,112,0.015051,0.0011484995,91,0.0123874,0.0038120998,94,0.0155586,0.00064089894,114,0.0161995,0.008245298,411
0.0133895,0.0065308996,105,0.0133646,0.0065557994,99,0.0131255,0.0067948997,97,0.0145523,0.0053680995,100,0.0199204,0.025249697,401
0.0179756,0.0038402993,96,0.0148244,0.0069915,104,0.0153478,0.0064680995,109,0.0160692,0.0057467,92,0.0218159,0.023046598,401
0.01315,0.0052282,94,0.0140296,0.0043486003,111,0.013141,0.0052372003,103,0.0162487,0.0021295007,106,0.0183782,0.016943501,414
0.0133333,0.0044791996,108,0.0125769,0.0052355994,92,0.0150158,0.0027967002,102,0.0132113,0.0046012,105,0.0178125,0.017112698,407
0.013684,0.005551,97,0.0130585,0.0061764996,103,0.0128637,0.0063712997,101,0.012618,0.0066170003,92,0.019235,0.0247158,393
0.0129964,0.0024990002,102,0.0142878,0.0012076003,120,0.014437,0.0010583997,115,0.0121725,0.0033229003,92,0.0154954,0.0080879005,429
0.0117617,0.0075212,79,0.0140796,0.0052033,112,0.0117458,0.0075370995,79,0.0127818,0.0065011,101,0.0192829,0.026762702,371
0.0139918,0.0055251,91,0.0138775,0.0056394003,102,0.0125961,0.0069208005,84,0.0142359,0.0052810004,104,0.0195169,0.023366302,381
0.0143902,0.0042285994,104,0.0125056,0.0061131995,89,0.0133588,0.00526,112,0.013235,0.0053838,106,0.0186188,0.0209856,411
0.0154809,0.0034806002,124,0.0125649,0.0063966,103,0.0128753,0.0060862005,110,0.0134544,0.0055071004,104,0.0189615,0.021470502,441
0.0134661,0.0055482993,90,0.0130352,0.0059792,101,0.0146403,0.0043741,98,0.0132481,0.0057662996,85,0.0190144,0.021667898,374
0.0175982,0.0021390002,105,0.0134413,0.006295901,94,0.0134369,0.0063003004,86,0.0172011,0.0025361013,113,0.0197372,0.017271303,398
0.0132627,0.0063467994,106,0.0135879,0.0060215993,92,0.0137788,0.0058306996,106,0.0134086,0.0062008994,100,0.0196095,0.024399996,404
0.0138386,0.004513299,116,0.0122015,0.0061503993,84,0.0134157,0.0049361996,114,0.0126436,0.0057082996,89,0.0183519,0.021308199,403
0.0144584,0.0032152003,115,0.0121922,0.0054814005,89,0.0125068,0.0051668007,98,0.0146329,0.0030407002,103,0.0176736,0.0169041,405
0.0129204,0.0035851002,103,0.0131449,0.0033606002,109,0.0120927,0.0044128,95,0.0124197,0.0040858006,101,0.0165055,0.015444301,408
0.012947,0.0015759002,80,0.0135272,0.0009957002,118,0.0129331,0.0015898002,93,0.0125823,0.0019405996,96,0.0145229,0.0061020004,387
0.0136511,0.0046863994,108,0.013422,0.004915499,88,0.0135944,0.004743099,102,0.0137587,0.004578799,98,0.0183375,0.018923797,396
0.0130596,0.0056460006,99,0.0130548,0.0056508007,96,0.0127539,0.0059517007,92,0.0130476,0.0056580007,94,0.0187056,0.022906503,381
0.0126778,0.005368,83,0.0136135,0.0044323,92,0.0128573,0.0051884996,88,0.0148835,0.0031623002,112,0.0180458,0.0181511,375
0.0126799,0.0042829,105,0.0128815,0.0040813005,105,0.0127506,0.0042121997,102,0.0127815,0.0041813003,99,0.0169628,0.0167577,411
0.0134625,0.0032003997,105,0.0135257,0.0031371992,102,0.0133372,0.0033256998,105,0.0128676,0.0037952997,92,0.0166629,0.013458598,404
0.013298,0.0047645,89,0.0125283,0.0055342,90,0.0125254,0.0055371,87,0.0129937,0.0050688004,94,0.0180625,0.0209046,360
0.0136016,0.0054449,108,0.0140474,0.0049991,105,0.0133553,0.0056912005,103,0.0128833,0.0061632004,88,0.0190465,0.022298401,404
0.012977,0.0066141,99,0.0137207,0.005870401,85,0.012826,0.0067651,93,0.0130218,0.006569301,98,0.0195911,0.025818903,375
0.014024,0.0038740998,88,0.0127201,0.005178,95,0.0139838,0.0039142994,108,0.0130722,0.0048258994,91,0.0178981,0.0177923,382
0.0123977,0.005348201,92,0.0149502,0.002795701,109,0.013387,0.0043589007,118,0.0145708,0.0031751012,100,0.0177459,0.015677903,419
0.0133895,0.0060080998,98,0.0126068,0.0067908,100,0.0131454,0.0062521994,113,0.0132502,0.0061473995,93,0.0193976,0.025198499,404
0.0146192,0.003958801,98,0.0128552,0.0057228003,109,0.0125125,0.0060655,98,0.0135784,0.0049996004,85,0.018578,0.0207467,390
0.0142886,0.0046252003,99,0.0135595,0.0053543,104,0.013739,0.0051748,105,0.0139805,0.0049332995,104,0.0189138,0.0200876,412
0.0147209,0.005217001,101,0.0145413,0.005396601,100,0.0162952,0.0036427006,96,0.0167145,0.0032234006,97,0.0199379,0.017479703,394
0.0130893,0.0045534996,92,0.0162129,0.0014299005,116,0.0127121,0.0049307,97,0.0123066,0.0053362,82,0.0176428,0.016250301,387
0.0129965,0.004490299,93,0.0127758,0.0047109993,100,0.0127859,0.004700899,100,0.0132947,0.0041921,96,0.0174868,0.018094297,389
0.0133935,0.0012148004,96,0.0126146,0.0019937,94,0.0125364,0.0020719003,96,0.0130151,0.0015932005,100,0.0146083,0.006873601,386
0.0128726,0.0038671,96,0.0127285,0.0040112,88,0.0126472,0.0040924996,89,0.0137639,0.0029758,109,0.0167397,0.0149465995,382
0.0128503,0.0036825994,92,0.0126329,0.0039,89,0.0123427,0.0041902,89,0.0144415,0.0020913994,108,0.0165329,0.013864199,378
0.0127471,0.0076183006,108,0.0185139,0.001851501,90,0.0124183,0.0079471,98,0.0137814,0.006584,111,0.0203654,0.024000902,407
0.013236,0.0052533997,96,0.0130858,0.0054035997,95,0.0130203,0.0054690996,94,0.0129117,0.0055777,98,0.0184894,0.0217038,383
0.0137566,0.0037384005,105,0.0131585,0.0043365005,104,0.0128807,0.004614301,89,0.0141387,0.0033563003,110,0.017495,0.016045503,408
0.012694,0.0026297998,90,0.0129871,0.0023367004,96,0.0124752,0.0028486,91,0.0125205,0.0028032996,89,0.0153238,0.0106184,366
0.0132804,0.0018052999,111,0.0134458,0.0016398998,108,0.0134699,0.0016158,108,0.0126799,0.0024058,94,0.0150857,0.0074667996,421
